,perlbench,bzip2,gcc,mcf,gobmk,hmmer,sjeng,libquantum,h264ref,geomean
UMC,3.57185393924,4.86448429999,2.21666388957,1.23867116669,3.49859267678,3.67634873387,3.35621944038,1.87707761399,4.44795193882,2.95528106534
BC,2.6583888606,5.61550135602,4.4580621971,1.5141228697,1.2592943529,13.6474914045,1.11418824135,1.02199511732,3.35781853898,2.65797565335
IMP,6.66207715176,5.95856362401,5.25158037391,1.58166161155,7.33036931468,7.36870907115,7.44388637502,5.44033274016,9.52828129779,5.75014896683
DIFT,1.26084345812,1.04860047869,1.00717798729,1.01400699785,1.13019343989,1.15736672151,1.12177426832,1.00026399143,1.06276709436,1.08628676083

